WeatherPy_Database.csv,City,Country,Lat,Lng,Max Temp,Humidity,Cloudiness,Wind Speed,Current Description
0,Khasan,RU,42.4308,130.6434,50.23,96,100,19.77,overcast clouds
1,Dzhebariki-Khaya,RU,62.2167,135.8,70.74,51,19,2.01,few clouds
2,Hilo,US,19.7297,-155.09,89.28,87,100,10.36,overcast clouds
3,Bluff,NZ,-46.6,168.3333,46.8,66,100,11.97,overcast clouds
4,Zhigansk,RU,66.7697,123.3711,59.09,56,48,9.26,scattered clouds
5,Urozhaynoye,RU,44.7883,44.9228,69.67,50,100,7.05,overcast clouds
6,Rawson,AR,-43.3002,-65.1023,50.22,59,22,7.14,few clouds
7,Port-Gentil,GA,-0.7193,8.7815,75.16,94,20,2.3,few clouds
8,Albany,US,42.6001,-73.9662,72.01,42,27,11.99,scattered clouds
9,Ulaangom,MN,49.9811,92.0667,55.13,45,75,3.91,broken clouds
10,Bengkulu,ID,-3.8004,102.2655,74.71,87,99,3.58,light rain
11,Saint George,US,37.1041,-113.5841,90.19,16,0,10.36,clear sky
12,Ushuaia,AR,-54.8,-68.3,37.06,60,20,9.22,few clouds
13,Punta Arenas,CL,-53.15,-70.9167,41.11,76,100,22.59,overcast clouds
14,Ribeira Grande,PT,38.5167,-28.7,64.85,92,77,12.21,broken clouds
15,Saint-Pierre,RE,-21.3393,55.4781,73.08,68,75,17.27,broken clouds
16,Mataura,NZ,-46.1927,168.8643,46.47,73,100,5.35,overcast clouds
17,Morondava,MG,-20.2833,44.2833,70.43,67,0,8.37,clear sky
18,Vaini,TO,-21.2,-175.2,76.26,78,19,11.54,few clouds
19,Saskylakh,RU,71.9167,114.0833,32.45,92,99,7.23,overcast clouds
20,Rikitea,PF,-23.1203,-134.9692,72.43,82,100,8.59,moderate rain
21,Eregli,TR,37.5133,34.0467,65.62,63,5,2.46,clear sky
22,Sisimiut,GL,66.9395,-53.6735,49.96,42,3,17.18,clear sky
23,Constantine,DZ,36.365,6.6147,76.41,60,0,1.14,clear sky
24,Udachnyy,RU,66.4167,112.4,52.21,34,24,13.6,few clouds
25,San Cristobal,VE,7.7669,-72.225,78.98,94,85,4.79,overcast clouds
26,Galesong,ID,-5.3166,119.3661,71.62,83,62,4.45,broken clouds
27,Qaanaaq,GL,77.484,-69.3632,29.14,79,97,3.13,overcast clouds
28,Hobart,AU,-42.8794,147.3294,46.26,93,75,17.27,shower rain
29,Busselton,AU,-33.65,115.3333,55.17,84,93,6.71,overcast clouds
30,Nortelandia,BR,-14.4547,-56.8028,78.13,47,28,1.77,scattered clouds
31,Port Hedland,AU,-20.3167,118.5667,62.65,72,5,6.91,clear sky
32,Baracoa,CU,20.3467,-74.4958,85.87,58,99,8.81,overcast clouds
33,Atuona,PF,-9.8,-139.0333,78.31,74,32,15.17,scattered clouds
34,Macamic,CA,48.7502,-78.9996,44.53,95,100,12.17,overcast clouds
35,East London,ZA,-33.0153,27.9116,63.43,68,86,14.52,overcast clouds
36,Iisalmi,FI,63.5592,27.1907,47.01,92,50,4.47,scattered clouds
37,Sinnamary,GF,5.3833,-52.95,78.19,87,94,9.26,overcast clouds
38,Yulara,AU,-25.2406,130.9889,49.33,59,0,7.87,clear sky
39,Hofn,IS,64.2539,-15.2082,47.57,59,0,4.43,clear sky
40,Frontignan,FR,43.4485,3.754,73.35,79,2,0.56,clear sky
41,Tasiilaq,GL,65.6145,-37.6368,37.56,67,45,7.76,scattered clouds
42,Sao Joao Da Barra,BR,-21.6403,-41.0511,67.32,71,51,11.95,broken clouds
43,Egvekinot,RU,66.3167,-179.1667,36.95,67,95,2.28,overcast clouds
44,Los Llanos De Aridane,ES,28.6585,-17.9182,65.95,78,0,16.11,clear sky
45,Kodinsk,RU,58.6881,99.1844,39.51,84,100,1.95,overcast clouds
46,Thompson,CA,55.7435,-97.8558,48.36,66,75,9.22,broken clouds
47,Kayerkan,RU,69.3497,87.7602,26.53,86,100,26.24,overcast clouds
48,Berlevag,NO,70.8578,29.0864,46.4,93,100,5.75,overcast clouds
49,Kloulklubed,PW,7.0419,134.2556,75.7,70,41,5.19,scattered clouds
50,Ust-Kuyga,RU,70.0167,135.6,66.67,50,85,3.69,overcast clouds
51,Aswan,EG,24.0934,32.907,90.45,13,64,11.81,broken clouds
52,Maarianhamina,AX,60.0973,19.9348,49.86,87,0,5.75,clear sky
53,Provideniya,RU,64.3833,-173.3,53.47,50,62,4.5,broken clouds
54,Vredendal,ZA,-31.6683,18.5012,56.82,35,72,2.8,broken clouds
55,Tuktoyaktuk,CA,69.4541,-133.0374,24.8,86,100,10.36,overcast clouds
56,Port Alfred,ZA,-33.5906,26.891,59.18,87,100,1.99,overcast clouds
57,Nikolskoye,RU,59.7035,30.7861,52.81,98,31,5.86,scattered clouds
58,Butaritari,KI,3.0707,172.7902,80.87,70,87,8.75,overcast clouds
59,Hermanus,ZA,-34.4187,19.2345,59.81,83,100,12.21,overcast clouds
60,Ola,RU,59.5833,151.2833,48.99,84,96,1.03,overcast clouds
61,Tobermory,CA,45.2501,-81.6665,47.84,72,0,14.56,clear sky
62,Carnarvon,AU,-24.8667,113.6333,67.44,42,100,15.52,overcast clouds
63,Mar Del Plata,AR,-38.0023,-57.5575,55.09,80,0,4.61,light rain
64,Vestmannaeyjar,IS,63.4427,-20.2734,48.61,67,59,6.98,broken clouds
65,Cayenne,GF,4.9333,-52.3333,82.44,1,93,5.75,heavy intensity rain
66,Broome,US,42.2506,-75.833,69.35,40,0,13.8,clear sky
67,Inirida,CO,3.8653,-67.9239,71.87,97,100,1.45,overcast clouds
68,Santa Fe,AR,-31.6333,-60.7,57.02,75,2,1.99,clear sky
69,Dunedin,NZ,-45.8742,170.5036,49.8,72,91,21.99,overcast clouds
70,Meulaboh,ID,4.1363,96.1285,75.63,90,96,4.03,moderate rain
71,Samarai,PG,-10.6167,150.6667,82.4,76,90,11.99,overcast clouds
72,Puerto Quijarro,BO,-17.7833,-57.7667,79.52,45,2,1.57,clear sky
73,Ust-Ilimsk,RU,58.0006,102.6619,45.88,88,99,1.39,overcast clouds
74,Margate,GB,51.3813,1.3862,56.1,86,100,7.0,overcast clouds
75,Bambous Virieux,MU,-20.3428,57.7575,72.21,78,40,16.11,light rain
76,Port Lincoln,AU,-34.7333,135.8667,53.71,65,60,25.75,broken clouds
77,Kutum,SD,14.2,24.6667,79.23,20,78,4.59,broken clouds
78,Barrow,US,71.2906,-156.7887,28.42,86,100,26.46,overcast clouds
79,Dedougou,BF,12.4667,-3.4667,93.49,26,17,6.33,few clouds
80,Marsh Harbour,BS,26.5412,-77.0636,74.88,83,100,30.11,moderate rain
81,Veraval,IN,20.9,70.3667,80.94,82,79,11.32,broken clouds
82,Yellowknife,CA,62.456,-114.3525,73.56,27,12,17.0,few clouds
83,Khatanga,RU,71.9667,102.5,27.18,88,100,13.82,light snow
84,Leningradskiy,RU,69.3833,178.4167,35.38,75,99,4.9,overcast clouds
85,Nemuro,JP,43.3236,145.575,44.73,94,100,20.69,light rain
86,Santa Lucia,ES,27.9117,-15.5407,61.92,68,20,23.02,few clouds
87,Cape Town,ZA,-33.9258,18.4232,60.91,85,100,13.0,overcast clouds
88,Necochea,AR,-38.5473,-58.7368,48.92,72,100,8.79,overcast clouds
89,Baghdad,IQ,33.3406,44.4009,99.19,9,100,5.7,overcast clouds
90,Dharchula,IN,29.85,80.5333,69.78,26,56,7.45,broken clouds
91,Bainbridge,US,47.6262,-122.5212,73.83,63,75,9.22,light rain
92,Saint-Philippe,RE,-21.3585,55.7679,72.99,79,46,14.74,light rain
93,Pueblo Nuevo,MX,23.3833,-105.3833,66.96,69,31,3.09,scattered clouds
94,New Norfolk,AU,-42.7826,147.0587,45.9,88,100,0.81,light rain
95,Chaiyaphum,TH,15.75,102.0,83.05,86,100,6.53,overcast clouds
96,Kieta,PG,-6.2167,155.6333,82.71,73,44,3.74,light rain
97,Kapaa,US,22.0752,-159.319,81.48,70,0,10.36,clear sky
98,Tura,IN,25.5198,90.2201,71.71,95,73,5.39,light rain
99,Hamilton,US,39.1834,-84.5333,83.25,33,40,8.05,scattered clouds
100,Airai,TL,-8.9266,125.4092,59.34,90,99,1.54,overcast clouds
101,Santa Cruz Do Sul,BR,-29.7175,-52.4258,58.23,86,93,3.83,overcast clouds
102,Tezu,IN,27.9167,96.1667,74.52,98,100,3.58,overcast clouds
103,Jacareacanga,BR,-6.2222,-57.7528,78.48,72,44,1.92,scattered clouds
104,Umm Lajj,SA,25.0213,37.2685,86.0,46,99,7.18,overcast clouds
105,Longyearbyen,SJ,78.2186,15.6401,34.68,90,89,6.53,overcast clouds
106,Salalah,OM,17.0151,54.0924,84.29,79,20,1.14,few clouds
107,Georgetown,MY,5.4112,100.3354,78.73,89,20,0.0,light rain
108,Taoudenni,ML,22.6783,-3.9836,102.02,9,38,6.64,scattered clouds
109,Chalus,IR,36.655,51.4204,77.0,48,4,3.18,clear sky
110,Aksarka,RU,66.5606,67.7975,33.06,62,12,14.0,few clouds
111,Wagar,SD,16.1525,36.2032,93.45,19,3,8.46,clear sky
112,Severo-Kurilsk,RU,50.6789,156.125,45.79,83,68,4.85,broken clouds
113,Castro,BR,-24.7911,-50.0119,53.42,91,72,5.64,broken clouds
114,Tabas,IR,33.5959,56.9244,80.56,17,0,1.63,clear sky
115,Jamestown,US,42.097,-79.2353,65.52,29,0,8.05,clear sky
116,Puerto Ayora,EC,-0.7393,-90.3518,76.96,84,93,10.07,overcast clouds
117,Dikson,RU,73.5069,80.5464,28.78,97,98,7.61,light snow
118,Cabo San Lucas,MX,22.8909,-109.9124,84.61,62,2,14.14,clear sky
119,Avarua,CK,-21.2078,-159.775,78.85,89,40,18.41,scattered clouds
120,Lagoa,PT,39.05,-27.9833,63.43,96,81,18.77,broken clouds
121,Pishin,PK,30.5803,66.9961,69.73,12,0,1.01,clear sky
122,Upington,ZA,-28.4478,21.2561,59.13,35,0,5.35,clear sky
123,Muncar,ID,-8.4333,114.3333,75.72,92,25,0.38,scattered clouds
124,Gold Coast,AU,-28.0,153.4333,57.18,94,94,2.3,overcast clouds
125,Mandiana,GN,10.6333,-8.6833,83.14,51,73,9.26,broken clouds
126,Benguela,AO,-12.5763,13.4055,74.17,59,70,1.9,broken clouds
127,Akhtanizovskaya,RU,45.32,37.1,68.47,84,1,17.54,clear sky
128,Jieshi,CN,22.8134,115.8257,80.28,89,83,12.3,broken clouds
129,Paamiut,GL,61.994,-49.6678,40.42,72,0,7.94,clear sky
130,Arraial Do Cabo,BR,-22.9661,-42.0278,68.27,64,100,10.31,overcast clouds
131,Upernavik,GL,72.7868,-56.1549,32.05,79,4,14.32,clear sky
132,Mosquera,CO,4.7059,-74.2302,57.29,88,100,4.61,light intensity drizzle
133,Bredasdorp,ZA,-34.5322,20.0403,55.87,84,100,5.06,overcast clouds
134,Praia,CV,14.9215,-23.5087,73.15,79,3,16.49,clear sky
135,Yumen,CN,40.2833,97.2,63.97,22,49,7.09,scattered clouds
136,Juneau,US,58.3019,-134.4197,60.8,91,75,23.02,broken clouds
137,Xapuri,BR,-10.6517,-68.5044,77.65,80,78,1.39,broken clouds
138,Suoyarvi,RU,62.0833,32.35,46.69,98,92,4.12,overcast clouds
139,Kemijarvi,FI,66.7131,27.4306,50.4,91,73,4.07,broken clouds
140,Henties Bay,NA,-22.116,14.2845,67.51,43,23,3.62,few clouds
141,Te Anau,NZ,-45.4167,167.7167,44.02,83,100,3.38,overcast clouds
142,Coquimbo,CL,-29.9533,-71.3436,60.62,56,100,3.42,overcast clouds
143,Porto Nacional,BR,-10.7081,-48.4172,82.4,41,78,0.51,broken clouds
144,Hithadhoo,MV,-0.6,73.0833,83.14,71,87,8.93,overcast clouds
145,Kharp,RU,66.8014,65.8081,35.33,51,27,4.83,scattered clouds
146,Raudeberg,NO,61.9875,5.1352,48.87,94,100,15.7,light rain
147,Awash,ET,8.9833,40.1667,76.12,53,50,5.88,scattered clouds
148,Fairbanks,US,64.8378,-147.7164,77.02,29,75,8.05,broken clouds
149,Tiksi,RU,71.6872,128.8694,51.3,73,100,8.14,overcast clouds
150,Lapua,FI,62.9693,23.0088,53.47,75,100,6.82,overcast clouds
151,Balagansk,RU,54.0103,103.0544,49.57,66,3,1.97,clear sky
152,Najran,SA,17.4924,44.1277,75.47,20,8,2.89,clear sky
153,Nanortalik,GL,60.1432,-45.2371,44.91,57,58,2.77,broken clouds
154,Arman,RU,59.7,150.1667,52.3,78,85,2.42,overcast clouds
155,Nerchinskiy Zavod,RU,51.3088,119.61,52.47,88,100,5.5,overcast clouds
156,Srandakan,ID,-7.9386,110.2506,75.02,92,91,3.24,overcast clouds
157,Dhidhdhoo,MV,6.8833,73.1,82.42,79,16,14.94,few clouds
158,Saint Anthony,US,45.0205,-93.218,72.95,54,0,11.5,clear sky
159,Baruun-Urt,MN,46.6806,113.2792,52.38,83,96,15.48,overcast clouds
160,Cidreira,BR,-30.1811,-50.2056,62.2,79,5,18.41,light rain
161,Alofi,NU,-19.0595,-169.9187,79.2,78,9,13.27,clear sky
162,Iqaluit,CA,63.7506,-68.5145,42.67,70,100,6.2,overcast clouds
163,Waingapu,ID,-9.6567,120.2641,77.22,85,96,3.74,overcast clouds
164,Pedasi,PA,7.5333,-80.0333,84.07,78,93,11.86,overcast clouds
165,Ostrovnoy,RU,68.0531,39.5131,50.41,90,74,10.11,broken clouds
166,Odoyev,RU,53.9393,36.6864,52.61,82,100,3.91,overcast clouds
167,Sitka,US,57.0531,-135.33,53.49,76,100,11.5,light rain
168,Socorro,US,31.6546,-106.3033,98.06,9,20,25.32,few clouds
169,Ngunguru,NZ,-35.6167,174.5,61.12,72,100,11.07,overcast clouds
170,Geraldton,AU,-28.7667,114.6,48.61,71,100,12.66,overcast clouds
171,Sobolevo,RU,54.4299,31.8996,51.87,94,100,6.53,overcast clouds
172,Saint-Joseph,RE,-21.3667,55.6167,71.98,76,21,14.99,light rain
173,Flinders,AU,-34.5833,150.8552,55.38,74,11,1.99,few clouds
174,Victoria,HK,22.2855,114.1577,84.38,82,100,13.0,overcast clouds
175,Dingle,PH,10.9995,122.6711,77.63,85,100,3.6,light rain
176,Santa Marta,CO,11.2408,-74.199,83.37,74,58,3.94,broken clouds
177,Roma,US,43.2128,-75.4557,65.52,43,0,14.97,clear sky
178,Nhulunbuy,AU,-12.2333,136.7667,74.01,94,34,5.75,scattered clouds
179,Kushiro,JP,42.975,144.3747,46.38,85,100,7.78,overcast clouds
180,Eenhana,NA,-17.4667,16.3333,53.08,47,5,7.47,clear sky
181,Asmar,AF,35.0333,71.3581,73.74,32,1,11.03,clear sky
182,Ilulissat,GL,69.2167,-51.1,41.02,65,70,12.66,broken clouds
183,Camacha,PT,33.0833,-16.3333,62.02,77,40,8.05,scattered clouds
184,Porto Novo,BJ,6.4965,2.6036,80.49,78,82,9.33,broken clouds
185,Coihaique,CL,-45.5752,-72.0662,40.95,70,75,2.3,broken clouds
186,Sur,OM,22.5667,59.5289,87.3,50,0,10.58,clear sky
187,Lorengau,PG,-2.0226,147.2712,82.42,67,41,5.86,scattered clouds
188,Cairns,AU,-16.9167,145.7667,68.11,94,75,2.3,broken clouds
189,Chokurdakh,RU,70.6333,147.9167,50.68,37,100,13.38,overcast clouds
190,Zandak,RU,43.0572,46.4567,63.64,64,100,6.76,overcast clouds
191,Narsaq,GL,60.9167,-46.05,62.82,36,5,1.05,clear sky
192,San Quintin,MX,30.4833,-115.95,68.11,67,29,17.96,scattered clouds
193,Churapcha,RU,62.0025,132.4325,69.13,55,47,2.84,scattered clouds
194,Mecca,SA,21.4267,39.8261,90.28,23,0,5.17,clear sky
195,Blairmore,CA,49.6,-114.4353,63.52,77,100,5.1,overcast clouds
196,Mayumba,GA,-3.432,10.6554,73.47,91,84,3.96,broken clouds
197,Madang,PG,-5.2246,145.7966,77.4,88,98,3.11,overcast clouds
198,Marawi,PH,7.9986,124.2928,69.84,91,100,3.15,overcast clouds
199,Ponta Do Sol,PT,32.6667,-17.1,66.83,79,15,4.18,few clouds
200,Kodiak,US,57.79,-152.4072,71.11,30,0,5.75,clear sky
201,Warren,US,39.4334,-84.1666,82.33,29,0,4.61,clear sky
202,Kaitangata,NZ,-46.2817,169.8464,42.78,71,84,6.67,broken clouds
203,Tilichiki,RU,60.4667,166.1,58.44,50,28,1.5,scattered clouds
204,Souillac,MU,-20.5167,57.5167,71.98,78,40,16.11,light rain
205,Cantagallo,CO,7.376,-73.9196,82.6,81,61,1.74,broken clouds
206,San Miguel,SV,13.4833,-88.1833,79.83,90,96,3.31,overcast clouds
207,Yeppoon,AU,-23.1333,150.7333,60.58,79,85,9.44,overcast clouds
208,Mayo,US,38.8876,-76.5119,86.13,40,0,12.66,clear sky
209,Saldanha,ZA,-33.0117,17.9442,60.37,87,100,12.55,overcast clouds
210,Tukrah,LY,32.5341,20.5791,73.63,72,0,7.7,clear sky
211,Vila Franca Do Campo,PT,37.7167,-25.4333,69.19,96,100,10.51,overcast clouds
212,Sangar,RU,63.9242,127.4739,64.27,63,34,5.97,scattered clouds
213,Shambu,ET,9.5667,37.1,53.22,85,75,1.14,light rain
214,Pontarlier,FR,46.8333,6.25,68.14,94,32,4.81,scattered clouds
215,Nsanje,MW,-16.92,35.262,63.79,95,53,2.55,broken clouds
216,Guerrero Negro,MX,27.9769,-114.0611,69.8,63,6,20.45,clear sky
217,Trairi,BR,-3.2778,-39.2689,76.14,85,45,4.68,scattered clouds
218,Contamana,PE,-7.3333,-75.0167,85.26,59,41,1.92,scattered clouds
219,Novobessergenevka,RU,47.1847,38.8462,68.47,85,2,12.88,clear sky
220,Quatre Cocos,MU,-20.2078,57.7625,72.09,73,90,19.26,light rain
221,Oksfjord,NO,70.2396,22.3479,48.38,89,100,6.6,overcast clouds
222,Nampa,US,43.5407,-116.5635,67.71,60,100,3.44,overcast clouds
223,Guanica,PR,17.9716,-66.908,87.51,77,90,13.56,overcast clouds
224,Jelgava,LV,56.65,23.7128,46.44,94,19,3.11,few clouds
225,Fernley,US,39.608,-119.2518,73.04,28,100,5.99,overcast clouds
226,Broken Hill,AU,-31.95,141.4333,50.85,73,100,21.36,overcast clouds
227,Comodoro Rivadavia,AR,-45.8667,-67.5,46.4,57,13,1.12,few clouds
228,Chuy,UY,-33.6971,-53.4616,54.19,79,100,8.5,overcast clouds
229,Campos Belos,BR,-13.0367,-46.7717,74.7,37,20,5.12,few clouds
230,Hlobyne,UA,49.3878,33.2596,57.6,79,100,7.14,overcast clouds
231,Westport,US,41.1415,-73.3579,81.95,64,33,10.0,scattered clouds
232,Ancud,CL,-41.8697,-73.8203,42.22,82,77,3.6,broken clouds
233,Acapulco,MX,16.8634,-99.8901,85.82,70,40,5.75,scattered clouds
234,Hasaki,JP,35.7333,140.8333,66.6,68,100,7.14,overcast clouds
235,Lompoc,US,34.6391,-120.4579,79.7,64,0,19.57,clear sky
236,Harwich,GB,51.9419,1.2844,54.36,86,100,15.01,overcast clouds
237,Chama,CH,47.1821,8.4636,71.55,94,99,1.14,overcast clouds
238,Gat,IL,31.61,34.7642,76.41,52,42,5.39,scattered clouds
239,Faanui,PF,-16.4833,-151.75,80.08,74,47,15.35,light rain
240,Camana,PE,-16.6228,-72.7111,66.16,79,62,2.51,broken clouds
241,Kenai,US,60.5544,-151.2583,77.02,44,20,8.05,few clouds
242,Portland,US,45.5234,-122.6762,64.29,88,100,6.91,overcast clouds
243,Fremont,US,37.5483,-121.9886,78.39,48,20,8.05,few clouds
244,Bryan,US,30.6744,-96.37,91.69,49,75,9.22,broken clouds
245,Zhangjiakou,CN,40.81,114.8794,61.63,29,0,9.64,clear sky
246,Alyangula,AU,-13.8483,136.4192,75.54,85,96,9.51,overcast clouds
247,San Patricio,US,28.017,-97.5169,95.72,50,42,18.14,scattered clouds
248,Beira,MZ,-19.8436,34.8389,67.24,86,20,8.43,light rain
249,Mata,PT,40.683,-7.4592,56.25,95,10,3.87,clear sky
250,Port Augusta,AU,-32.5,137.7667,53.76,63,83,18.97,broken clouds
251,Komsomolskiy,UZ,40.4272,71.7189,69.64,39,1,0.94,clear sky
252,Christchurch,NZ,-43.5333,172.6333,52.92,78,92,11.5,overcast clouds
253,Valleyview,CA,55.0667,-117.2859,68.65,53,93,11.95,overcast clouds
254,Port Elizabeth,ZA,-33.918,25.5701,61.11,91,100,16.11,light rain
255,Price,US,39.5994,-110.8107,81.66,11,0,10.36,clear sky
256,Carbondale,US,37.7273,-89.2168,85.05,35,0,1.01,clear sky
257,General Roca,AR,-39.0333,-67.5833,46.62,53,100,3.98,light rain
258,Kuytun,RU,54.3419,101.5036,45.86,77,89,5.77,overcast clouds
259,Haines Junction,CA,60.7522,-137.5108,72.95,27,68,2.71,broken clouds
260,Nagato,JP,34.3833,131.2,68.2,77,100,12.17,moderate rain
261,Kendari,ID,-3.945,122.4989,73.4,93,40,2.51,scattered clouds
262,Kahului,US,20.8947,-156.47,84.22,63,40,16.11,scattered clouds
263,Yar-Sale,RU,66.8333,70.8333,32.34,62,1,14.18,clear sky
264,Bud,US,39.447,-86.1758,84.15,27,16,2.8,few clouds
265,Maniitsoq,GL,65.4167,-52.9,48.18,59,1,4.38,clear sky
266,Sivas,TR,39.7916,37.0019,59.4,91,66,2.1,broken clouds
267,Igrim,RU,63.1906,64.4162,35.31,55,17,5.48,few clouds
268,Bonavista,CA,48.6499,-53.1147,40.64,93,100,20.0,light rain
269,Witu,KE,-2.3889,40.4382,74.95,87,62,9.51,light rain
270,Kaduqli,SD,11.0167,29.7167,87.39,38,98,4.63,overcast clouds
271,Rehoboth,NA,-23.3167,17.0833,50.56,35,55,5.84,broken clouds
272,Yashkul,RU,46.1711,45.3435,73.56,34,56,9.55,broken clouds
273,Asau,RO,46.4333,26.4,64.96,100,100,5.06,overcast clouds
274,Inuvik,CA,68.3499,-133.7218,38.46,56,99,8.81,overcast clouds
275,Sungairaya,ID,0.7,108.9,77.05,86,26,2.04,scattered clouds
276,Krasnoselkup,RU,65.7,82.4667,35.67,91,74,12.66,broken clouds
277,Placido De Castro,BR,-10.3353,-67.1856,78.55,75,74,0.63,broken clouds
278,Taizhou,CN,32.4933,119.9106,73.35,97,100,5.48,overcast clouds
279,Esperance,AU,-33.8667,121.9,55.58,71,99,18.75,overcast clouds
280,Vanimo,PG,-2.6741,141.3028,78.03,85,98,4.45,overcast clouds
281,Kyabe,TD,9.4515,18.9449,74.26,78,99,4.03,overcast clouds
282,Calama,CL,-22.4667,-68.9333,61.29,21,0,14.97,clear sky
283,Alice Springs,AU,-23.7,133.8833,53.15,94,100,0.0,overcast clouds
284,Aklavik,CA,68.2191,-135.0107,37.72,61,100,8.84,overcast clouds
285,Vila Do Maio,CV,15.1333,-23.2167,73.22,83,3,17.9,clear sky
286,Lebu,CL,-37.6167,-73.65,50.88,95,100,8.32,overcast clouds
287,Kaniama,CD,-7.5667,24.1833,68.11,57,45,5.26,scattered clouds
288,Ushtobe,KZ,45.2514,77.9838,62.15,54,78,10.27,broken clouds
289,Torbay,CA,47.6666,-52.7314,46.53,76,100,7.0,overcast clouds
290,Mandalgovi,MN,45.7625,106.2708,47.73,45,0,9.6,clear sky
291,Tenosique,MX,17.4833,-91.4333,88.92,51,15,6.82,few clouds
292,Erenhot,CN,43.6475,111.9767,55.53,46,2,16.44,clear sky
293,Fortuna,US,40.5982,-124.1573,64.74,59,75,21.85,moderate rain
294,Muros,ES,42.7762,-9.0603,63.09,79,9,5.97,clear sky
295,Marsa Matruh,EG,31.3525,27.2453,71.51,83,0,4.09,clear sky
296,Mukhtolovo,RU,55.4644,43.1953,55.24,75,99,4.07,overcast clouds
297,Pedernales,DO,18.0384,-71.744,84.92,69,99,10.6,overcast clouds
298,Takoradi,GH,4.8845,-1.7554,79.48,84,100,9.1,overcast clouds
299,Touros,BR,-5.1989,-35.4608,76.93,85,80,7.54,broken clouds
300,Mahebourg,MU,-20.4081,57.7,72.25,78,40,16.11,scattered clouds
301,Bridgetown,BB,13.1,-59.6167,82.89,78,40,19.57,scattered clouds
302,Waipawa,NZ,-41.4122,175.5153,45.18,70,100,5.93,overcast clouds
303,Singapore,SG,1.2897,103.8501,80.46,88,75,0.0,broken clouds
304,Seinajoki,FI,62.7945,22.8282,53.35,60,0,6.91,clear sky
305,Manokwari,ID,-0.8667,134.0833,78.57,78,100,7.94,moderate rain
306,Bac Lieu,VN,9.285,105.7244,78.8,82,59,4.94,broken clouds
307,Clyde River,CA,70.4692,-68.5914,31.82,92,100,5.55,overcast clouds
308,Uray,RU,60.1247,64.7758,38.44,60,5,5.23,clear sky
309,Natitingou,BJ,10.3042,1.3796,74.88,80,95,6.53,overcast clouds
310,Jaguarari,BR,-10.2639,-40.1958,71.78,69,94,7.47,overcast clouds
311,Dingli,MT,35.8614,14.3822,78.96,34,0,4.61,clear sky
312,Anadyr,RU,64.75,177.4833,40.33,62,44,4.85,scattered clouds
313,Russell,US,32.3502,-85.1999,84.11,59,92,3.4,overcast clouds
314,Privas,FR,44.5833,4.5,69.53,70,50,3.98,scattered clouds
315,Torbat-E Jam,IR,35.244,60.6225,69.06,15,0,11.99,clear sky
316,Kismayo,SO,-0.3582,42.5454,75.92,87,20,10.16,moderate rain
317,Ust-Koksa,RU,50.2696,85.6108,41.2,94,56,3.44,broken clouds
318,Cherskiy,RU,68.75,161.3,38.35,58,10,15.64,clear sky
319,Cheltenham,GB,51.9,-2.0833,56.37,76,96,5.01,overcast clouds
320,Sibu,MY,2.3,111.8167,72.77,99,81,2.17,broken clouds
321,Nome,US,64.5011,-165.4064,67.15,47,0,10.36,clear sky
322,Kaeo,NZ,-35.1,173.7833,61.14,70,100,7.47,overcast clouds
323,Ishigaki,JP,24.3448,124.1572,83.05,89,99,18.7,overcast clouds
324,Pitanga,BR,-24.7572,-51.7614,56.17,84,84,5.08,broken clouds
325,Lata,PT,40.1629,-8.3327,56.82,96,11,0.96,few clouds
326,Bethel,US,41.3712,-73.414,80.69,43,0,5.75,clear sky
327,Buraydah,SA,26.326,43.975,89.65,7,0,7.52,clear sky
328,Kysyl-Syr,RU,63.8986,122.7617,61.83,64,15,3.22,few clouds
329,Cloquet,US,46.7216,-92.4594,76.8,19,15,12.66,few clouds
330,Beloha,MG,-25.1667,45.05,64.51,83,10,9.4,clear sky
331,Noumea,NC,-22.2763,166.4572,73.0,99,4,0.02,clear sky
332,Tagudin,PH,16.9355,120.4442,77.88,82,99,4.56,overcast clouds
333,Nuevitas,CU,21.5453,-77.2644,81.97,72,99,14.54,overcast clouds
334,Banda Aceh,ID,5.5577,95.3222,80.42,77,100,7.72,light rain
335,Nanakuli,US,21.3906,-158.1547,84.15,51,75,8.05,broken clouds
336,La Paz,BO,-16.5,-68.15,48.58,73,94,4.45,overcast clouds
337,Letka,RU,59.6011,49.4232,48.94,98,20,5.12,few clouds
338,Batagay-Alyta,RU,67.8006,130.4114,60.8,49,28,3.62,scattered clouds
339,Mabaruma,GY,8.2,-59.7833,76.42,89,63,5.08,broken clouds
340,Worland,US,44.0169,-107.9554,77.67,37,0,6.91,clear sky
341,Lewistown,US,40.5992,-77.5714,80.73,59,0,8.05,clear sky
342,Bahadurgarh,IN,28.6833,76.9167,97.34,13,2,7.05,clear sky
343,Carolina,PR,18.3808,-65.9574,87.69,69,20,11.5,few clouds
344,Ahipara,NZ,-35.1667,173.1667,60.48,71,100,9.26,overcast clouds
345,Sherlovaya Gora,RU,50.5667,116.25,51.26,80,100,17.87,overcast clouds
346,Lubango,AO,-14.9172,13.4925,53.47,49,56,5.01,broken clouds
347,Constitucion,CL,-35.3333,-72.4167,55.81,86,100,22.37,overcast clouds
348,Tshikapa,CD,-6.4167,20.8,72.55,51,2,3.27,clear sky
349,Kavieng,PG,-2.5744,150.7967,82.54,68,57,7.78,broken clouds
350,Plettenberg Bay,ZA,-34.0527,23.3716,60.82,77,100,3.74,light rain
351,Cam Ranh,VN,11.9214,109.1591,76.96,88,40,2.3,scattered clouds
352,Severnyy,RU,50.677,36.5532,53.94,86,47,6.93,scattered clouds
353,Santa Maria Chiquimula,GT,15.0303,-91.3292,58.89,82,95,2.57,overcast clouds
354,Bam,IR,29.106,58.357,78.98,15,0,8.03,clear sky
355,Aquiraz,BR,-3.9014,-38.3911,79.18,83,97,4.76,overcast clouds
356,Shediac,CA,46.2198,-64.5411,53.74,68,71,6.69,broken clouds
357,Yemelyanovo,RU,56.1681,92.6767,34.61,100,89,0.0,overcast clouds
358,Severnoye,RU,56.3491,78.3619,32.36,95,75,5.53,broken clouds
359,Alvorada,BR,-12.48,-49.1247,79.75,32,11,3.42,few clouds
360,Okhotsk,RU,59.3833,143.3,52.56,69,59,1.57,broken clouds
361,Quang Ngai,VN,15.1167,108.8,76.87,78,77,5.53,broken clouds
362,Warmbad,NA,-28.45,18.7333,60.64,29,1,10.94,clear sky
363,Goranboy,AZ,40.6103,46.7897,75.49,45,100,4.43,overcast clouds
364,Luanda,AO,-8.8368,13.2343,70.97,88,5,8.75,clear sky
365,Sorland,NO,67.667,12.6934,42.66,68,80,30.62,broken clouds
366,Klaksvik,FO,62.2266,-6.589,47.32,90,100,2.91,light rain
367,Kankon,IN,15.0167,74.0167,82.02,83,65,4.36,broken clouds
368,Sola,VU,-13.8833,167.55,81.45,65,47,20.74,scattered clouds
369,Evensk,RU,61.95,159.2333,44.26,91,100,1.57,light rain
370,Raymond,US,43.9015,-70.4703,64.8,80,44,9.06,scattered clouds
371,Labuhan,ID,-6.8844,112.2051,77.02,88,92,8.05,overcast clouds
372,Mahibadhoo,MV,3.7833,72.9667,82.08,76,59,12.71,broken clouds
373,Pindiga,NG,9.9833,10.9333,76.91,57,100,4.79,overcast clouds
374,Padang,ID,-0.9492,100.3543,76.48,85,95,3.62,overcast clouds
375,Mingguang,CN,32.7802,117.9638,75.04,92,100,6.35,overcast clouds
376,Suluq,LY,31.6682,20.2521,77.77,48,0,11.59,clear sky
377,Arica,CL,-18.475,-70.3042,67.55,77,75,6.91,broken clouds
378,Bahir Dar,ET,11.5936,37.3908,65.61,70,86,2.62,light rain
379,Nabire,ID,-3.3667,135.4833,73.83,93,100,2.77,overcast clouds
380,Kyra,RU,49.5776,111.9753,51.13,96,100,8.43,light rain
381,Kavaratti,IN,10.5669,72.642,82.54,78,100,12.15,overcast clouds
382,Vila,PT,42.0304,-8.1588,50.88,96,8,0.81,clear sky
383,Diapaga,BF,12.0708,1.7889,89.42,35,22,4.99,few clouds
384,Rocha,UY,-34.4833,-54.3333,48.49,90,100,7.2,overcast clouds
385,Barcelos,PT,41.5388,-8.6151,64.85,94,3,2.62,clear sky
386,Marktoberdorf,DE,47.7833,10.6167,64.45,82,92,6.91,overcast clouds
387,Westerly,US,41.3776,-71.8273,72.81,82,0,13.8,clear sky
388,Galbshtadt,RU,53.2264,78.9845,47.86,48,100,6.06,overcast clouds
389,Marrakesh,MA,31.6315,-8.0083,71.67,56,0,14.97,clear sky
390,Charters Towers,AU,-20.1,146.2667,66.72,90,61,6.93,broken clouds
391,Kudahuvadhoo,MV,2.6708,72.8944,83.12,73,20,13.44,few clouds
392,Honningsvag,NO,70.9821,25.9704,46.15,81,100,4.61,overcast clouds
393,Tucurui,BR,-3.7661,-49.6725,74.97,97,100,4.7,moderate rain
394,Baglan,AF,36.1307,68.7083,70.27,26,1,2.08,clear sky
395,Kralendijk,BQ,12.15,-68.2667,84.18,74,40,19.57,scattered clouds
396,Mananara,MG,-16.1667,49.7667,69.49,95,68,6.82,moderate rain
397,North Bend,US,43.4065,-124.2243,64.92,83,100,9.22,overcast clouds
398,Basco,PH,20.4487,121.9702,84.16,79,99,16.31,overcast clouds
399,Praya,CV,14.9215,-23.5087,73.15,79,3,16.49,clear sky
400,Caravelas,BR,-17.7125,-39.2481,74.21,68,89,14.61,overcast clouds
401,Rey Bouba,CM,8.6724,14.1786,76.15,65,92,1.07,overcast clouds
402,Neiafu,TO,-18.65,-173.9833,83.08,69,40,9.22,scattered clouds
403,Akyab,MM,20.15,92.9,80.53,82,92,6.06,overcast clouds
404,Russkiy,RU,43.0147,131.8642,46.26,90,100,27.85,overcast clouds
405,Gaoua,BF,10.2992,-3.2508,81.79,57,38,8.16,scattered clouds
406,Zlobin,HR,45.2924,14.6541,64.17,76,0,5.75,clear sky
407,Mattru,SL,7.6244,-11.8332,74.01,95,43,0.72,moderate rain
408,Ha Giang,VN,22.8333,104.9833,78.6,94,100,1.59,light rain
409,Gimli,CA,50.6336,-96.9907,53.29,66,87,7.38,overcast clouds
410,Silver City,US,32.7701,-108.2803,87.91,10,0,21.0,clear sky
411,Rengo,CL,-34.4167,-70.8667,62.92,69,100,3.49,moderate rain
412,Hambantota,LK,6.1241,81.1185,79.14,100,0,10.36,clear sky
413,Cockburn Town,TC,21.4612,-71.1419,80.94,81,100,9.86,overcast clouds
414,Belaya Gora,RU,68.5333,146.4167,57.4,45,53,8.61,broken clouds
415,Moron,AR,-34.6534,-58.6198,54.01,85,53,4.32,broken clouds
416,Codrington,AU,-38.2667,141.9667,44.62,85,57,12.62,light rain
417,Kuah,MY,6.3265,99.8432,82.27,76,100,3.27,overcast clouds
418,Lambarene,GA,-0.7001,10.2406,73.49,98,100,3.98,moderate rain
419,Arrifes,PT,37.7667,-25.7,67.23,94,75,16.11,broken clouds
420,Kisangani,CD,0.5167,25.2,73.33,81,77,2.55,broken clouds
421,Sheregesh,RU,52.9209,87.9869,35.76,97,56,2.95,broken clouds
422,Santa Rosa,PH,14.3122,121.1114,82.38,85,100,3.27,overcast clouds
423,Spoleto,IT,42.7448,12.7374,74.16,50,28,4.81,scattered clouds
424,Faya,SA,18.3851,42.4509,68.52,24,1,4.97,clear sky
425,Erzin,TR,36.9559,36.2,66.04,91,2,0.65,clear sky
426,Petrivka,UA,46.9695,30.9591,64.09,62,51,8.25,broken clouds
427,Wageningen,NL,51.9667,5.6667,63.9,69,100,13.8,overcast clouds
428,Aguimes,ES,27.9054,-15.4461,66.83,68,20,23.02,few clouds
429,Gazojak,TM,41.1875,61.4036,76.69,17,0,10.56,clear sky
430,Poum,NC,-20.2333,164.0167,75.02,75,34,8.63,scattered clouds
431,Nuuk,GL,64.1835,-51.7216,57.81,28,2,4.61,clear sky
432,Atar,MR,20.5169,-13.0499,91.33,20,100,11.9,overcast clouds
433,Santa Maria,BR,-29.6842,-53.8069,59.0,90,99,5.3,overcast clouds
434,Nara,JP,34.6851,135.8049,68.97,52,99,3.15,overcast clouds
435,Husavik,IS,66.0449,-17.3389,47.01,62,8,3.74,clear sky
436,Rambha,IN,19.5167,85.1,83.16,91,95,12.57,overcast clouds
437,Guiglo,CI,6.5456,-7.4966,72.68,98,97,2.71,overcast clouds
438,Bria,CF,6.5423,21.9863,68.86,96,100,2.15,light rain
439,San Carlos De Bariloche,AR,-41.1456,-71.3082,37.15,81,0,4.61,clear sky
440,Mayor Pablo Lagerenza,PY,-19.9309,-60.7718,79.2,51,68,4.99,broken clouds
441,Yantai,CN,37.5333,121.4,66.47,88,93,7.54,overcast clouds
442,Tuatapere,NZ,-46.1333,167.6833,46.06,78,100,6.98,light rain
443,Sao Gabriel Da Cachoeira,BR,-0.1303,-67.0892,72.66,97,95,1.86,overcast clouds
444,Ewa Beach,US,21.3156,-158.0072,84.15,50,75,10.36,broken clouds
445,Linshui,CN,36.4247,114.2047,78.28,46,82,7.45,broken clouds
446,Namibe,AO,-15.1961,12.1522,74.98,47,43,7.56,scattered clouds
447,Conde,BR,-7.2597,-34.9075,74.66,94,0,4.61,clear sky
448,Ovsyanka,RU,55.9575,92.5519,34.77,96,93,4.61,overcast clouds
449,Atasu,KZ,48.6814,71.6433,47.01,82,100,14.27,overcast clouds
450,Rahimatpur,IN,17.6,74.2,78.6,73,73,5.21,broken clouds
451,Ulladulla,AU,-35.35,150.4667,55.96,60,8,10.65,clear sky
452,Port Hardy,CA,50.6996,-127.4199,54.95,85,100,15.17,light rain
453,Shadrinsk,RU,56.0852,63.6335,45.43,70,87,1.12,overcast clouds
454,Chara,RU,56.9064,118.2631,59.68,61,78,1.66,broken clouds
455,Jutai,BR,-5.1833,-68.9,75.47,96,87,2.33,heavy intensity rain
456,Tabou,CI,4.423,-7.3528,77.77,85,98,5.84,light rain
457,Kushima,JP,31.4583,131.2333,69.21,92,100,5.21,moderate rain
458,Wajima,JP,37.4,136.9,61.39,76,99,16.6,overcast clouds
459,Omboue,GA,-1.5746,9.2618,74.48,89,100,5.12,overcast clouds
460,Terrak,NO,65.087,12.3715,46.27,79,100,12.39,overcast clouds
461,Mount Gambier,AU,-37.8333,140.7667,45.64,84,89,10.11,overcast clouds
462,Sept-Iles,CA,50.2001,-66.3821,56.05,61,100,5.84,overcast clouds
463,Muleba,TZ,-1.8397,31.6544,66.31,70,50,5.93,scattered clouds
464,Dhone,IN,15.4167,77.8833,85.93,49,100,15.43,overcast clouds
465,Ankazoabo,MG,-22.2833,44.5167,63.86,80,1,6.26,clear sky
466,Isangel,VU,-19.55,169.2667,78.49,71,27,5.84,scattered clouds
467,Masallatah,LY,32.6167,14.0,72.32,58,4,3.98,clear sky
468,Srednekolymsk,RU,67.45,153.6833,48.97,35,81,10.89,broken clouds
469,Stokmarknes,NO,68.5646,14.9108,44.58,76,75,18.41,broken clouds
470,Kasamwa,TZ,-2.85,32.4333,63.54,63,93,2.8,overcast clouds
471,Polovinnoye,RU,54.7914,65.9864,46.54,65,67,0.4,broken clouds
472,La Rioja,ES,42.25,-2.5,55.18,92,32,4.03,scattered clouds
473,Roald,NO,62.5833,6.1333,52.75,100,100,10.36,light rain
474,Kasongo,CD,-4.45,26.6667,69.42,61,15,3.44,few clouds
475,Chase,CA,50.8165,-119.6857,71.33,57,91,3.06,overcast clouds
476,Brigantine,US,39.4101,-74.3646,82.04,55,0,11.5,clear sky
477,Uvinza,TZ,-5.1036,30.3911,63.72,74,41,2.21,scattered clouds
478,Bathsheba,BB,13.2167,-59.5167,83.01,78,40,19.57,scattered clouds
479,Baykalovo,RU,57.3981,63.7684,41.52,81,51,2.66,broken clouds
480,Nago,JP,26.5881,127.9761,81.45,93,86,7.31,overcast clouds
481,Semey,KZ,50.4111,80.2275,53.33,67,100,14.23,moderate rain
482,Namatanai,PG,-3.6667,152.4333,82.11,69,95,4.5,overcast clouds
483,Plastun,RU,44.7561,136.2939,45.03,83,62,5.68,broken clouds
484,Arsenyev,RU,44.1631,133.2733,47.28,89,100,4.38,overcast clouds
485,Smithers,CA,54.7804,-127.1743,66.96,45,27,1.68,light rain
486,Tiarei,PF,-17.5333,-149.3333,84.22,76,15,12.95,light rain
487,Ust-Maya,RU,60.4167,134.5333,69.1,48,20,0.92,few clouds
488,Bambanglipuro,ID,-7.95,110.2833,74.8,92,92,3.27,overcast clouds
489,Goderich,CA,43.7501,-81.7165,62.91,55,1,4.81,clear sky
490,Tsirguliina,EE,57.864,26.1947,52.25,90,24,4.99,few clouds
491,San Felipe,VE,10.3399,-68.7425,78.1,84,40,3.33,scattered clouds
492,Toshkivka,UA,48.7791,38.579,60.91,89,8,7.4,clear sky
493,Impfondo,CG,1.6381,18.0667,70.11,96,100,3.38,light rain
494,Kandrian,PG,-6.2167,149.55,80.24,80,37,2.77,scattered clouds
495,Xinzhou,CN,38.4092,112.7333,62.78,29,64,1.28,broken clouds
496,Harper,LR,4.375,-7.7169,77.7,85,100,5.95,light rain
497,Newport,GB,51.5877,-2.9984,59.11,81,98,17.29,overcast clouds
498,Batemans Bay,AU,-35.7167,150.1833,54.1,64,6,9.57,clear sky
499,Belmonte,BR,-15.8631,-38.8828,73.9,85,58,17.02,broken clouds
500,Luderitz,NA,-26.6481,15.1594,64.81,43,0,6.69,clear sky
501,Koumac,NC,-20.5667,164.2833,75.72,69,7,4.68,clear sky
502,Pemangkat,ID,1.1667,108.9667,77.38,85,26,3.04,scattered clouds
503,Ponta Delgada,PT,37.7333,-25.6667,69.49,94,75,16.11,broken clouds
504,Ambon,ID,-3.6954,128.1814,75.34,94,40,3.44,scattered clouds
505,Morant Bay,JM,17.8815,-76.4093,79.72,85,100,8.88,overcast clouds
506,Zhukovo,RU,55.0318,36.744,51.94,87,100,4.45,overcast clouds
507,Talnakh,RU,69.4865,88.3972,27.21,70,100,16.44,overcast clouds
508,Naze,JP,28.3667,129.4833,72.52,95,100,13.8,overcast clouds
509,Khandyga,RU,62.6667,135.6,70.93,51,31,1.01,scattered clouds
510,Siocon,PH,7.7061,122.1353,77.23,88,96,3.69,overcast clouds
511,Dubti,ET,11.7361,41.0853,94.06,25,100,1.28,overcast clouds
512,Norman Wells,CA,65.282,-126.8329,51.82,53,97,8.43,overcast clouds
513,Mitchell,US,43.7094,-98.0298,71.58,68,75,8.05,broken clouds
514,Tautira,PF,-17.7333,-149.15,78.85,77,21,12.37,light rain
515,Tromso,NO,69.6496,18.957,50.02,66,100,8.05,overcast clouds
516,Tongren,CN,27.7172,109.1853,74.34,98,72,2.08,moderate rain
517,Leh,IN,34.1667,77.5833,47.26,51,26,5.32,scattered clouds
518,Milton,US,34.1322,-84.3007,86.2,48,24,1.99,few clouds
519,Leshukonskoye,RU,64.8989,45.7622,51.55,90,16,3.15,few clouds
520,Kaka,TM,37.3482,59.6143,77.38,15,1,5.86,clear sky
521,Finschhafen,PG,-6.6024,147.8681,80.58,79,30,5.77,scattered clouds
522,Esso,RU,55.9333,158.7,53.94,62,23,3.65,few clouds
523,Pevek,RU,69.7008,170.3133,30.99,95,100,9.13,light snow
524,Hell,NO,63.4455,10.9033,51.71,66,100,17.27,overcast clouds
525,West Bay,KY,19.3667,-81.4167,86.07,77,20,12.66,few clouds
526,Cap Malheureux,MU,-19.9842,57.6142,72.46,74,86,4.0,overcast clouds
527,Gorom-Gorom,BF,14.4439,-0.2361,93.13,26,24,14.12,few clouds
528,Puerto Maldonado,PE,-12.6,-69.1833,72.0,83,75,2.3,broken clouds
529,Along,IN,28.1667,94.7667,73.26,98,95,1.12,overcast clouds
530,Westlock,CA,54.1502,-113.8688,71.11,52,100,14.03,overcast clouds
531,Stonewall,CA,50.1344,-97.3268,65.68,59,35,7.94,scattered clouds
532,Parambu,BR,-6.2111,-40.6944,73.62,84,99,4.88,overcast clouds
533,Louviers,FR,49.2167,1.1667,64.2,91,0,6.91,clear sky
534,Hay River,CA,60.8156,-115.7999,67.87,32,15,8.61,few clouds
535,Tampere,FI,61.4991,23.7871,54.16,67,0,9.22,clear sky
536,Tando Muhammad Khan,PK,25.123,68.5358,80.51,78,0,17.69,clear sky
537,Northam,GB,51.0333,-4.2167,60.26,79,100,13.98,overcast clouds
538,Hami,CN,42.8,93.45,72.21,12,19,9.13,few clouds
539,Llanes,ES,43.4198,-4.7549,61.47,91,78,6.82,broken clouds
540,Kuching,MY,1.55,110.3333,75.42,100,40,3.44,light rain
541,Kuhdasht,IR,33.535,47.6061,77.07,21,14,8.99,few clouds
542,Hwange,ZW,-18.3693,26.5019,57.67,51,3,4.12,clear sky
543,Shubarshi,KZ,48.5872,57.1869,66.97,56,3,6.71,clear sky
544,Lander,US,42.833,-108.7307,73.8,40,75,14.97,broken clouds
545,Alexandria,EG,31.2156,29.9553,73.47,78,0,5.61,clear sky
546,Vostok,RU,46.4856,135.8833,43.93,78,12,3.18,few clouds
547,Sampit,ID,-2.5333,112.95,72.59,99,54,1.79,broken clouds
548,Klyuchi,RU,52.2667,79.1667,49.84,36,100,9.31,overcast clouds
549,Paratinga,BR,-12.6906,-43.1842,80.24,34,35,9.73,scattered clouds
550,Axim,GH,4.8699,-2.2405,78.96,86,100,7.54,overcast clouds
551,Thessalon,CA,46.2501,-83.5666,64.69,60,58,14.23,broken clouds
552,Saint-Francois,FR,46.4154,3.9054,69.24,88,75,14.97,broken clouds
553,Byron Bay,AU,-28.65,153.6167,53.94,72,100,2.21,overcast clouds
554,Katsuura,JP,35.1333,140.3,68.67,73,100,8.16,overcast clouds
555,Kalmunai,LK,7.4167,81.8167,77.86,82,100,8.81,overcast clouds
556,Gornopravdinsk,RU,60.05,69.9,32.09,70,7,5.19,clear sky
557,Bandarbeyla,SO,9.4942,50.8122,78.93,80,18,20.18,few clouds
558,Camopi,GF,3.1655,-52.3158,73.27,97,100,2.35,overcast clouds
559,Hovd,MN,48.0056,91.6419,55.69,33,100,8.25,overcast clouds
560,Marzuq,YE,14.4,46.4667,75.04,57,49,4.23,scattered clouds
561,Melfort,CA,52.8667,-104.6177,63.23,41,3,6.22,clear sky
562,Heiligenhafen,DE,54.3667,10.9833,52.05,80,0,4.43,clear sky
563,Lupiro,TZ,-8.3833,36.6667,69.84,61,82,2.8,broken clouds
564,Amot,NO,59.5714,7.9877,48.85,62,69,5.03,broken clouds
565,Caxias,PT,38.7031,-9.2767,66.45,78,20,10.36,few clouds
566,Denpasar,ID,-8.65,115.2167,78.46,94,40,4.61,scattered clouds
567,Mao,ES,39.8885,4.2658,70.36,94,40,13.8,scattered clouds
568,Puerto Del Rosario,ES,28.5004,-13.8627,69.55,68,20,17.27,few clouds
569,Carutapera,BR,-1.195,-46.02,76.28,90,99,4.9,overcast clouds
570,Tomatlan,MX,19.9333,-105.25,85.23,54,8,10.8,clear sky
571,Skarnes,NO,60.2528,11.6797,58.01,83,100,3.65,overcast clouds
572,Ilorin,NG,8.5,4.55,76.98,82,97,10.07,overcast clouds
573,Wasilla,US,61.5814,-149.4394,77.67,37,0,5.75,clear sky
574,Pastavy,BY,55.1168,26.8326,49.8,93,0,4.92,clear sky
575,Iskateley,RU,67.6803,53.1512,44.83,43,0,11.81,clear sky
576,Iseyin,NG,7.9667,3.6,74.8,89,94,7.27,overcast clouds
577,Khash,IR,28.2211,61.2158,68.13,22,0,4.92,clear sky
578,Vardo,NO,70.3705,31.1107,44.58,100,100,11.5,overcast clouds
579,Valparaiso,CL,-33.0393,-71.6273,60.44,82,100,6.91,light rain
580,Korla,CN,41.7597,86.1469,69.06,30,34,11.41,scattered clouds
581,Dicabisagan,PH,17.0818,122.4157,78.98,88,97,5.93,overcast clouds
582,Nioro,GM,13.35,-15.75,81.57,63,67,13.24,broken clouds
583,Toowoomba,AU,-27.55,151.9667,42.26,95,38,1.83,scattered clouds
584,Vila Velha,BR,-20.3297,-40.2925,69.75,88,75,12.66,broken clouds
585,Laem Sing,TH,12.4816,102.0738,82.15,100,99,6.71,overcast clouds
586,Itarema,BR,-2.9248,-39.9167,76.95,83,34,6.44,scattered clouds
587,Batagay,RU,67.6333,134.6333,69.58,39,15,8.1,few clouds
588,Melilla,ES,35.2937,-2.9383,73.78,40,0,12.66,clear sky
589,College,US,64.8569,-147.8028,77.0,31,75,8.05,broken clouds
590,Glazov,RU,58.1394,52.6584,51.66,98,58,4.29,broken clouds
591,Pringsewu,ID,-5.3582,104.9744,72.14,97,91,3.18,overcast clouds
592,Pacifica,US,37.6138,-122.4869,76.23,52,100,6.91,overcast clouds
593,Kisesa,TZ,-3.0833,34.15,63.99,55,72,8.72,broken clouds
594,Opuwo,NA,-18.0607,13.84,57.61,38,11,7.9,few clouds
595,Chandur,IN,19.7333,79.1833,93.54,27,87,5.57,overcast clouds
596,Daryapur,IN,20.9333,77.3333,93.15,21,71,10.69,broken clouds
597,Lavrentiya,RU,65.5833,-171.0,42.51,77,75,8.16,broken clouds
598,Guanambi,BR,-14.2233,-42.7814,72.7,63,9,7.25,clear sky
599,Willmar,US,45.1219,-95.0433,73.58,43,40,5.75,scattered clouds
600,Shu,KZ,43.5983,73.7614,59.36,56,0,11.27,clear sky
601,Deniliquin,AU,-35.5333,144.9667,50.22,72,56,18.92,broken clouds
602,Ahuimanu,US,21.4447,-157.8378,83.91,53,0,10.36,clear sky
603,Wanganui,NZ,-39.9333,175.05,47.59,70,96,5.01,overcast clouds
604,Darlawn,IN,24.0167,92.9,67.33,99,99,1.07,overcast clouds
605,Lipin Bor,RU,60.2622,37.9763,46.08,93,8,4.27,clear sky
606,Grindavik,IS,63.8424,-22.4338,47.89,76,0,9.22,clear sky
607,Nizhniy Tsasuchey,RU,50.5167,115.1333,53.98,85,100,12.93,light rain
608,Cantaura,VE,9.3057,-64.3584,84.6,55,100,9.84,overcast clouds
609,Yei,SS,4.095,30.6779,70.12,62,18,4.61,few clouds
610,Aripuana,BR,-9.1667,-60.6333,82.81,50,72,1.68,broken clouds
611,Muridke,PK,31.8025,74.2617,87.82,9,1,3.69,clear sky
612,Grand Gaube,MU,-20.0064,57.6608,72.37,74,86,4.0,overcast clouds
613,Inverell,AU,-29.7833,151.1167,43.66,98,93,1.63,overcast clouds
614,Quimper,FR,48.0,-4.1,59.58,88,100,6.91,overcast clouds
615,Cabinda,AO,-5.55,12.2,73.11,94,75,2.8,broken clouds
616,Jalu,LY,29.0331,21.5482,80.38,44,0,13.09,clear sky
617,Manono,CD,-7.3,27.4167,70.12,46,70,3.69,broken clouds
618,Talcahuano,CL,-36.7167,-73.1167,56.88,94,100,23.02,light rain
619,High Rock,BS,26.6208,-78.2833,80.62,88,100,30.24,overcast clouds
620,Mehamn,NO,71.0357,27.8492,46.35,100,100,1.14,fog
621,Hastings,GB,50.8552,0.5729,57.79,90,100,19.1,overcast clouds
622,Rio Gallegos,AR,-51.6226,-69.2181,34.66,71,43,14.2,scattered clouds
623,Cordenons,IT,45.9836,12.6949,75.07,81,62,3.85,broken clouds
624,Araouane,ML,18.9048,-3.5265,95.07,18,37,5.88,scattered clouds
625,Upata,VE,8.0086,-62.3989,75.2,91,31,4.14,scattered clouds
626,Ponca City,US,36.707,-97.0856,84.22,58,20,10.36,few clouds
627,Funadhoo,MV,6.15,73.2667,82.04,79,41,15.84,scattered clouds
628,Severiano Melo,BR,-5.7772,-37.9578,73.56,93,90,5.57,overcast clouds
629,Barguzin,RU,53.6167,109.6167,54.21,89,100,5.17,overcast clouds
630,Gao,ML,16.6362,1.637,91.99,7,0,7.9,clear sky
631,Gracac,HR,44.3006,15.8547,62.35,64,67,2.51,broken clouds
632,Sao Filipe,CV,14.8961,-24.4956,75.24,74,3,9.62,clear sky
633,Uige,AO,-7.6087,15.0613,65.88,49,8,3.91,clear sky
634,Kingman,US,35.1894,-114.053,91.65,7,0,24.16,clear sky
635,Olafsvik,IS,64.8945,-23.7142,44.74,70,5,10.04,clear sky
636,Kayalpattinam,IN,8.5667,78.1167,82.74,75,100,8.86,overcast clouds
637,Makakilo City,US,21.3469,-158.0858,82.72,51,75,10.36,broken clouds
638,La Peca,PE,-5.6111,-78.435,77.67,68,99,2.66,light rain
639,Badamdar,AZ,40.3394,49.8039,67.95,49,83,3.44,broken clouds
640,Santana Do Livramento,BR,-30.8908,-55.5328,54.86,94,27,5.66,scattered clouds
641,Vao,NC,-22.6667,167.4833,73.2,69,57,5.64,broken clouds
642,Southbridge,US,42.0751,-72.0334,77.63,72,76,1.99,broken clouds
643,Scarborough,GB,54.2797,-0.4044,49.91,81,24,5.99,few clouds
644,Kencong,ID,-8.2833,113.3667,74.88,91,82,2.82,broken clouds
645,Pangnirtung,CA,66.1451,-65.7125,40.57,90,87,2.57,overcast clouds
646,Las Palmas,ES,28.4204,-14.0131,66.99,68,20,17.27,few clouds
647,Aksu,CN,41.1231,80.2644,66.4,36,0,3.65,clear sky
648,Rio Blanco,MX,18.8333,-97.15,76.06,68,56,6.64,broken clouds
649,Xihe,CN,31.6864,113.4659,71.87,83,84,7.52,broken clouds
650,Stornoway,GB,58.2093,-6.3865,51.76,85,20,6.91,few clouds
651,Agirish,RU,61.9247,63.0231,35.94,52,4,5.14,clear sky
652,Medea,DZ,36.2642,2.7539,69.19,49,100,6.93,overcast clouds
653,Beringovskiy,RU,63.05,179.3167,38.52,81,37,4.38,scattered clouds
654,Bosaso,SO,11.2842,49.1816,87.96,62,68,6.51,broken clouds
655,Strezhevoy,RU,60.7333,77.5889,34.39,97,100,10.22,overcast clouds
656,Karatau,KZ,43.1667,70.4667,65.64,25,14,4.47,few clouds
657,Palmer,US,42.1584,-72.3287,80.2,44,65,10.02,broken clouds
658,Alekseyevka,RU,50.6309,38.6903,55.47,86,42,6.08,scattered clouds
659,Sao Miguel Do Araguaia,BR,-13.275,-50.1628,78.8,33,11,3.56,few clouds
660,Manta,EC,-0.95,-80.7333,73.36,83,93,12.41,overcast clouds
661,Kruisfontein,ZA,-34.0033,24.7314,58.89,84,100,9.64,overcast clouds
662,Zhangzhou,CN,24.5133,117.6556,76.6,97,56,1.72,broken clouds
663,Saint-Leu,RE,-21.15,55.2833,72.46,66,16,5.99,few clouds
664,Perth,AU,-31.9333,115.8333,48.67,94,0,4.61,fog
665,Loubomo,CG,-4.1997,12.6739,71.26,90,68,3.24,broken clouds
666,Laguna,US,38.421,-121.4238,81.01,34,100,9.22,overcast clouds
667,Abomsa,ET,9.9833,39.9833,74.01,42,81,3.51,broken clouds
668,Harrisonville,US,38.6533,-94.3488,71.19,81,100,0.0,light rain
669,Ust-Nera,RU,64.5667,143.2,68.32,43,59,1.19,broken clouds
670,Tapes,BR,-30.6733,-51.3958,59.02,86,8,12.86,clear sky
671,Kuryk,KZ,43.2,51.65,74.86,36,40,6.02,scattered clouds
672,Banjar,ID,-8.19,114.9675,76.37,90,24,3.42,few clouds
673,Avera,US,33.194,-82.5271,85.55,43,77,10.83,broken clouds
674,Ca Mau,VN,9.1769,105.15,76.82,88,93,3.51,overcast clouds
675,San Francisco,US,37.7749,-122.4194,75.45,51,100,8.99,overcast clouds
676,Vestmanna,FO,62.1564,-7.1664,45.52,100,100,0.0,mist
677,Havoysund,NO,70.9963,24.6622,46.63,91,100,2.48,overcast clouds
678,Zhangye,CN,38.9342,100.4517,64.54,42,77,6.64,broken clouds
679,Pangai,TO,-19.8,-174.35,77.79,76,10,11.79,clear sky
680,Porto Santo,PT,33.072,-16.3415,64.78,77,40,8.05,scattered clouds
681,Qui Nhon,VN,13.7667,109.2333,79.14,79,18,5.12,few clouds
682,Mount Isa,AU,-20.7333,139.5,55.17,82,52,3.44,broken clouds
683,Boende,CD,-0.2167,20.8667,73.04,79,49,1.74,scattered clouds
684,Otane,NZ,-39.8833,176.6333,44.01,76,100,3.94,overcast clouds
685,Lagos,NG,6.5833,3.75,79.61,83,98,6.8,overcast clouds
686,Tottori,JP,35.5,134.2333,64.47,82,0,5.75,clear sky
687,Shilka,RU,51.85,116.0333,55.4,86,100,5.84,overcast clouds
688,Shilka,RU,51.85,116.0333,55.4,86,100,5.84,overcast clouds
